"";"Volkswagen Golf 4 Benzin tuv 2018/8";"1 300 EUR";"https://secureimg.ebayimg.com/i/00/s/MjQyWDQzMA==/z/OZEAAOSw6DtYRGsC/$_21.JPG";"https://secureimg.ebayimg.com/i/00/s/MjQyWDQzMA==/z/LwsAAOSwEzxYRGr-/$_21.JPG;https://secureimg.ebayimg.com/i/00/s/MjQyWDQzMA==/z/f1YAAOSw4GVYRGr-/$_21.JPG;https://secureimg.ebayimg.com/i/00/s/MjQyWDQzMA==/z/EhEAAOSwnHZYRGr~/$_21.JPG;https://secureimg.ebayimg.com/i/00/s/MjQyWDQzMA==/z/OW4AAOSw6DtYRGsB/$_21.JPG";"СЕДАН";"Подержанные";"11/1999";"";"Бензиновый";"118 647 км";""
"";"Mercedes-Benz E 300 CDI T BE*7G-TR*1HD*COMAND*StandH*PDC*XENON";"22 480 EUR";"https://secureimg.ebayimg.com/i/00/s/NzY4WDEwMjQ=/z/DcgAAOSw2GlXIlOx/$_21.JPG";"";"УНИВЕРСАЛ";"Подержанные";"09/2012";"";"Дизельный";"110 800 км";""
"";"Audi A3 1.4 TFSI Sportback Attraction";"8 500 EUR";"https://secureimg.ebayimg.com/i/00/s/OTAwWDE2MDA=/z/rmQAAOSw-0xYRGhR/$_21.JPGhttps://secureimg.ebayimg.com/i/00/s/MzI1WDE4Mg==/z/EYEAAOSwnHZYRGr6/$_21.JPG";"https://secureimg.ebayimg.com/i/00/s/OTAwWDE2MDA=/z/5qMAAOSwo4pYRGg6/$_21.JPG;https://secureimg.ebayimg.com/i/00/s/OTAwWDE2MDA=/z/rAYAAOSwnHZYRGhG/$_21.JPG;https://secureimg.ebayimg.com/i/00/s/OTAwWDE2MDA=/z/x3sAAOSwEzxYRGhl/$_21.JPG;https://secureimg.ebayimg.com/i/00/s/OTAwWDE2MDA=/z/rmQAAOSw-0xYRGhR/$_21.JPG";"УНИВЕРСАЛ";"Подержанные";"03/2009";"Механическая коробка передач";"Бензиновый";"94 000 км";"92 кВт (125 PS)"
"";"Renault renault twingo (LPG) auto Gas anlage";"3 999 EUR";"https://secureimg.ebayimg.com/i/00/s/MzI1WDE4Mg==/z/EYEAAOSwnHZYRGr6/$_21.JPG";"https://secureimg.ebayimg.com/i/00/s/MzI1WDE4Mg==/z/jIUAAOSwcUBYRGr7/$_21.JPG;https://secureimg.ebayimg.com/i/00/s/MjQyWDQzMA==/z/FeUAAOSwiDFYRGr9/$_21.JPG;https://secureimg.ebayimg.com/i/00/s/MjQyWDQzMA==/z/TRcAAOSwj85YRGr7/$_21.JPG";"МАЛОЛИТРАЖНЫЙ АВТОМОБИЛЬ";"Подержанные";"07/2008";"";"Сжиженный нефтяной газ";"118 000 км";""
"";"Rover MG ZT 190 Kombi mit TUV bis 2018 mit Hagel…";"1 700 EUR";"https://secureimg.ebayimg.com/i/00/s/MzIzWDQzMA==/z/riQAAOSwa~BYRGr5/$_21.JPG";"https://secureimg.ebayimg.com/i/00/s/MzIzWDQzMA==/z/F4IAAOSwImRYRGr5/$_21.JPG;https://secureimg.ebayimg.com/i/00/s/MzIzWDQzMA==/z/OGMAAOSw6DtYRGr5/$_21.JPG;https://secureimg.ebayimg.com/i/00/s/MzIzWDQzMA==/z/riQAAOSwa~BYRGr5/$_21.JPG";"УНИВЕРСАЛ";"Подержанные";"11/2003";"";"Бензиновый";"165 000 км";""
"";"Porsche 911 Carrera";"28 800 EUR";"https://secureimg.ebayimg.com/i/00/s/OTA2WDE2MDA=/z/s~UAAOSw-0xYRGh7/$_21.JPG";"https://secureimg.ebayimg.com/i/00/s/MTA2N1gxNjAw/z/tpQAAOSwnHZYRGiI/$_21.JPG;https://secureimg.ebayimg.com/i/00/s/MTA2N1gxNjAw/z/eCQAAOSwux5YRGiV/$_21.JPG;https://secureimg.ebayimg.com/i/00/s/MTA2N1gxNjAw/z/cpAAAOSwA3dYRGik/$_21.JPG;https://secureimg.ebayimg.com/i/00/s/MTA2N1gxNjAw/z/fykAAOSwux5YRGjR/$_21.JPG";"СПОРТИВНЫЙ АВТОМОБИЛЬ/КУПЕ";"Новые";"08/2002";"Механическая коробка передач";"Бензиновый";"80 500 км";"235 кВт (320 PS)"
"";"Mercedes-Benz 500 SE";"1 990 EUR";"https://secureimg.ebayimg.com/i/00/s/MTYwMFgxMTk1/z/A7MAAOSwB09YRGIS/$_21.JPG";"https://secureimg.ebayimg.com/i/00/s/MTYwMFgxMTk1/z/BgIAAOSwB09YRGIg/$_21.JPG;https://secureimg.ebayimg.com/i/00/s/MTYwMFgxMTk1/z/fcMAAOSwa~BYRGI-/$_21.JPG;https://secureimg.ebayimg.com/i/00/s/MTYwMFgxMTk1/z/4akAAOSw-0xYRGJV/$_21.JPG;https://secureimg.ebayimg.com/i/00/s/MTYwMFgxMTk1/z/MUEAAOSw4GVYRGJl/$_21.JPG;https://secureimg.ebayimg.com/i/00/s/MTYwMFgxMTk1/z/wGAAAOSwux5YRGLR/$_21.JPG;https://secureimg.ebayimg.com/i/00/s/MTYwMFgxMTk1/z/i-YAAOSw2xRYRGLq/$_21.JPG";"СЕДАН";"Новые";"05/1980";"Автоматическая КП";"Бензиновый";"174 026 км";"177 кВт (241 PS)"
"";"MINI ich Verkauf Mini one";"2 899 EUR";"https://secureimg.ebayimg.com/i/00/s/MzIzWDQzMA==/z/UYMAAOSwo4pYRGr1/$_21.JPG";"https://secureimg.ebayimg.com/i/00/s/MzIzWDQzMA==/z/EMMAAOSwnHZYRGr1/$_21.JPG;https://secureimg.ebayimg.com/i/00/s/MzIzWDQzMA==/z/-tMAAOSw5cNYRGr1/$_21.JPG;https://secureimg.ebayimg.com/i/00/s/MzIzWDQzMA==/z/-tUAAOSw5cNYRGr1/$_21.JPG;https://secureimg.ebayimg.com/i/00/s/MzIzWDQzMA==/z/-tkAAOSw5cNYRGr1/$_21.JPG;https://secureimg.ebayimg.com/i/00/s/MzIzWDQzMA==/z/FNIAAOSwiDFYRGr1/$_21.JPG";"ИНОЕ";"Подержанные";"12/2001";"";"Бензиновый";"144 348 км";""
"";"Skoda Skoda Fabia 1.4 16V";"1 500 EUR";"https://secureimg.ebayimg.com/i/00/s/MzI1WDM3Mg==/z/X38AAOSw6DtYRHIk/$_21.JPG";"https://secureimg.ebayimg.com/i/00/s/MzI1WDIwOA==/z/gKkAAOSwj85YRHIl/$_21.JPG;https://secureimg.ebayimg.com/i/00/s/MzIzWDQzMA==/z/3ZcAAOSwcUBYRHIk/$_21.JPG;https://secureimg.ebayimg.com/i/00/s/MzI1WDI0NA==/z/pmoAAOSw4GVYRHIk/$_21.JPG;https://secureimg.ebayimg.com/i/00/s/MzI1WDI0NA==/z/eAoAAOSwB09YRHIk/$_21.JPG;https://secureimg.ebayimg.com/i/00/s/MzIzWDQzMA==/z/RR0AAOSwnHZYRHIk/$_21.JPG";"МАЛОЛИТРАЖНЫЙ АВТОМОБИЛЬ";"Подержанные";"06/2006";"";"Бензиновый";"215 500 км";""
"";"Opel Astra G Coupe 2.o Turbo Z20LEH Technik 241PS";"5 000 EUR";"https://secureimg.ebayimg.com/i/00/s/NTY1WDEwMDA=/z/34AAAOSwPCVX6Qzs/$_21.JPG";"https://secureimg.ebayimg.com/i/00/s/NTY1WDEwMDA=/z/ARQAAOSwmfhX6Qzc/$_21.JPG;https://secureimg.ebayimg.com/i/00/s/NTY1WDEwMDA=/z/1bIAAOSw8w1X6Qz7/$_21.JPG;https://secureimg.ebayimg.com/i/00/s/NTY1WDEwMDA=/z/pvUAAOSw4shX6Q0K/$_21.JPG;https://secureimg.ebayimg.com/i/00/s/NTY1WDEwMDA=/z/NzAAAOSw8gVX6Q0Z/$_21.JPG;https://secureimg.ebayimg.com/i/00/s/NTY1WDEwMDA=/z/EpgAAOSwYIxX6Q0o/$_21.JPG;https://secureimg.ebayimg.com/i/00/s/NTY1WDEwMDA=/z/6OEAAOSw8w1X6Q1Y/$_21.JPG;https://secureimg.ebayimg.com/i/00/s/NTY1WDEwMDA=/z/60AAAOSw8w1X6Q1m/$_21.JPG";"СПОРТИВНЫЙ АВТОМОБИЛЬ/КУПЕ";"Подержанные";"10/2001";"Механическая коробка передач";"Бензиновый";"135 000 км";"177 кВт (241 PS)"
"";"Audi Audi A4 2,7 TDI S-line Plus Packet";"16 900 EUR";"https://secureimg.ebayimg.com/i/00/s/MjQxWDQzMA==/z/wuEAAOSwux5YRHIZ/$_21.JPG";"https://secureimg.ebayimg.com/i/00/s/MjQxWDQzMA==/z/pGoAAOSw4GVYRHIZ/$_21.JPG;https://secureimg.ebayimg.com/i/00/s/MjQxWDQzMA==/z/2ysAAOSwcUBYRHIZ/$_21.JPG;https://secureimg.ebayimg.com/i/00/s/MjQxWDQzMA==/z/2dcAAOSw2xRYRHIZ/$_21.JPG;https://secureimg.ebayimg.com/i/00/s/MjQxWDQzMA==/z/9tsAAOSwA3dYRHIa/$_21.JPG";"УНИВЕРСАЛ";"Подержанные";"09/2016";"";"Дизельный";"179 800 км";""
"";"Mercedes-Benz Vito 113 CDI BlueEFFICIENCY 8-Sitzer Klimaanlage";"12 800 EUR";"https://secureimg.ebayimg.com/i/00/s/MTIwMFgxNjAw/z/lmIAAOSwImRYKKrd/$_21.JPG";"https://secureimg.ebayimg.com/i/00/s/MTIwMFgxNjAw/z/JXIAAOSwr2RYKKrp/$_21.JPG;https://secureimg.ebayimg.com/i/00/s/MTIwMFgxNjAw/z/cUIAAOSwB09YKKr0/$_21.JPG;https://secureimg.ebayimg.com/i/00/s/MTIwMFgxNjAw/z/bVsAAOSw4GVYKKsO/$_21.JPG;https://secureimg.ebayimg.com/i/00/s/MTIwMFgxNjAw/z/5b0AAOSw44BYKKsn/$_21.JPG;https://secureimg.ebayimg.com/i/00/s/MTIwMFgxNjAw/z/GPUAAOSwal5YKKs-/$_21.JPG";"МИНИВЭН / МИКРОАВТОБУС";"Подержанные";"11/2013";"Механическая коробка передач";"Дизельный";"272 364 км";"100 кВт (136 PS)"
"";"Audi Audi a6 2.5 Tdi";"850 EUR";"https://secureimg.ebayimg.com/i/00/s/MjQyWDQzMA==/z/oVcAAOSw4GVYRHII/$_21.JPG";"https://secureimg.ebayimg.com/i/00/s/MzI1WDE4Mw==/z/86AAAOSwA3dYRHIH/$_21.JPG;https://secureimg.ebayimg.com/i/00/s/MjQyWDQzMA==/z/WswAAOSwEzxYRHII/$_21.JPG;https://secureimg.ebayimg.com/i/00/s/MzI1WDI0NA==/z/Cr8AAOSw-0xYRHII/$_21.JPG";"УНИВЕРСАЛ";"Подержанные";"10/1998";"";"";"339 000 км";""
"";"Mercedes-Benz E 200 Elegance erst 99921 Kilometer Automatik";"999 EUR";"https://secureimg.ebayimg.com/i/00/s/MTIwMFgxNjAw/z/j5wAAOSwGIRXZuJM/$_21.JPG";"https://secureimg.ebayimg.com/i/00/s/MTIwMFgxNjAw/z/hikAAOSwzJ5XZuJY/$_21.JPG;https://secureimg.ebayimg.com/i/00/s/MTIwMFgxNjAw/z/h8cAAOSwzJ5XZuJl/$_21.JPG;https://secureimg.ebayimg.com/i/00/s/MTIwMFgxNjAw/z/WyYAAOSwvg9XZuJz/$_21.JPG;https://secureimg.ebayimg.com/i/00/s/MTIwMFgxNjAw/z/sWsAAOSw-4BXZuKB/$_21.JPG;https://secureimg.ebayimg.com/i/00/s/MTIwMFgxNjAw/z/0jwAAOSwM4xXZuKm/$_21.JPG";"СЕДАН";"Подержанные";"03/1997";"Автоматическая КП";"Бензиновый";"99 921 км";"100 кВт (136 PS)"
"";"BMW BMW e36 316i Touring";"800 EUR";"https://secureimg.ebayimg.com/i/00/s/MzI1WDM1NA==/z/btgAAOSwo4pYRHGw/$_21.JPG";"";"УНИВЕРСАЛ";"Подержанные";"01/1997";"";"";"300 000 км";""
"";"Volkswagen VW Golf 3 mit Schiebedach und servo";"700 EUR";"https://secureimg.ebayimg.com/i/00/s/MjQyWDQzMA==/z/of8AAOSwa~BYRHF7/$_21.JPG";"https://secureimg.ebayimg.com/i/00/s/MjQyWDQzMA==/z/qj4AAOSwux5YRHF6/$_21.JPG;https://secureimg.ebayimg.com/i/00/s/MjQyWDQzMA==/z/Rh0AAOSwiDFYRHF6/$_21.JPG;https://secureimg.ebayimg.com/i/00/s/MjQyWDQzMA==/z/vmcAAOSw2xRYRHF6/$_21.JPG;https://secureimg.ebayimg.com/i/00/s/MjQyWDQzMA==/z/of8AAOSwa~BYRHF7/$_21.JPG";"МАЛОЛИТРАЖНЫЙ АВТОМОБИЛЬ";"Подержанные";"07/1996";"";"Бензиновый";"130 000 км";""
"";"BMW Bmw 318i e90 Navi TUV Top Zustand, Service…";"6 790 EUR";"https://secureimg.ebayimg.com/i/00/s/MjQyWDQzMA==/z/OJUAAOSw44BYRG0I/$_21.JPG";"https://secureimg.ebayimg.com/i/00/s/MzI1WDE4Mw==/z/msoAAOSwB09YRG0I/$_21.JPG;https://secureimg.ebayimg.com/i/00/s/MzI1WDE4Mw==/z/msoAAOSwB09YRG0I/$_21.JPG;https://secureimg.ebayimg.com/i/00/s/MjQyWDQzMA==/z/OI8AAOSw44BYRG0I/$_21.JPG;https://secureimg.ebayimg.com/i/00/s/MjQyWDQzMA==/z/f30AAOSw6DtYRG0I/$_21.JPG;https://secureimg.ebayimg.com/i/00/s/MjQyWDQzMA==/z/4wsAAOSwcUBYRG0I/$_21.JPG";"СЕДАН";"Подержанные";"04/2007";"";"Бензиновый";"199 900 км";""
"";"Kia Rio 1.5 RS";"650 EUR";"https://secureimg.ebayimg.com/i/00/s/OTAwWDE2MDA=/z/X-8AAOSwcUBYRGng/$_21.JPG";"https://secureimg.ebayimg.com/i/00/s/OTAwWDE2MDA=/z/Y80AAOSwcUBYRGn4/$_21.JPG;https://secureimg.ebayimg.com/i/00/s/OTAwWDE2MDA=/z/L1YAAOSwo4pYRGoN/$_21.JPG;https://secureimg.ebayimg.com/i/00/s/OTAwWDE2MDA=/z/6-MAAOSw-0xYRGog/$_21.JPG;https://secureimg.ebayimg.com/i/00/s/OTAwWDE2MDA=/z/nH8AAOSw2xRYRGo9/$_21.JPG;https://secureimg.ebayimg.com/i/00/s/OTAwWDE2MDA=/z/IwQAAOSw6DtYRGpq/$_21.JPG";"МАЛОЛИТРАЖНЫЙ АВТОМОБИЛЬ";"Подержанные";"12/2001";"Механическая коробка передач";"Бензиновый";"132 361 км";"72 кВт (98 PS)"
"";"Skoda Octavia 2.0 TDI DSG RS Navi PSD ACC BlackDesign";"30 990 EUR";"https://secureimg.ebayimg.com/i/00/s/NDgwWDY0MA==/z/k3sAAOSwj85YRGzx/$_21.JPG";"https://secureimg.ebayimg.com/i/00/s/NDgwWDY0MA==/z/NvgAAOSw44BYRGz9/$_21.JPG;https://secureimg.ebayimg.com/i/00/s/NDgwWDY0MA==/z/oKUAAOSwo4pYRGzz/$_21.JPG;https://secureimg.ebayimg.com/i/00/s/NDgwWDY0MA==/z/wPMAAOSw4GVYRGzt/$_21.JPG;https://secureimg.ebayimg.com/i/00/s/NDgwWDY0MA==/z/NV8AAOSw44BYRGzx/$_21.JPG";"УНИВЕРСАЛ";"Новые";"";"Автоматическая КП";"Дизельный";"10 км";"135 кВт (184 PS)"
"";"Mercedes-Benz SPRINTER 313 CDI HOCH LANG 9 SITZER KLIMA";"5 800 EUR";"https://secureimg.ebayimg.com/i/00/s/MTIwMFgxNjAw/z/OPwAAOSw44BYRG0L/$_21.JPG";"https://secureimg.ebayimg.com/i/00/s/MTYwMFgxMjAw/z/ADYAAOSw2xRYRG0R/$_21.JPG;https://secureimg.ebayimg.com/i/00/s/MTYwMFgxMjAw/z/ADYAAOSw2xRYRG0R/$_21.JPG;https://secureimg.ebayimg.com/i/00/s/MTIwMFgxNjAw/z/GYsAAOSwA3dYRG0X/$_21.JPG;https://secureimg.ebayimg.com/i/00/s/MTYwMFgxMjAw/z/g4EAAOSw6DtYRG0d/$_21.JPG";"МИНИВЭН / МИКРОАВТОБУС";"Подержанные";"11/2000";"Механическая коробка передач";"Дизельный";"290 602 км";"95 кВт (129 PS)"
"";"Opel Astra 1.6 Comfort";"500 EUR";"https://secureimg.ebayimg.com/i/00/s/MTIwMFgxNjAw/z/s9kAAOSw5cNYRGlU/$_21.JPG";"https://secureimg.ebayimg.com/i/00/s/MTIwMFgxNjAw/z/fRsAAOSw2xRYRGlp/$_21.JPG;https://secureimg.ebayimg.com/i/00/s/MTIwMFgxNjAw/z/5ZcAAOSwImRYRGl~/$_21.JPG;https://secureimg.ebayimg.com/i/00/s/MTIwMFgxNjAw/z/EHIAAOSw6DtYRGn0/$_21.JPG";"СЕДАН";"Подержанные";"09/1998";"Механическая коробка передач";"Бензиновый";"158 168 км";"55 кВт (75 PS)"
"";"Chevrolet Orlando 1.8";"10 700 EUR";"https://secureimg.ebayimg.com/i/00/s/NzY4WDEwMjQ=/z/hokAAOSw4GVYRGsy/$_21.JPG";"https://secureimg.ebayimg.com/i/00/s/NzY4WDEwMjQ=/z/swMAAOSwcUBYRGve/$_21.JPG;https://secureimg.ebayimg.com/i/00/s/NzY4WDEwMjQ=/z/1DIAAOSwA3dYRGtM/$_21.JPG;https://secureimg.ebayimg.com/i/00/s/NzY4WDEwMjQ=/z/Jn4AAOSwiDFYRGtY/$_21.JPG;https://secureimg.ebayimg.com/i/00/s/NzY4WDEwMjQ=/z/P0EAAOSwEzxYRGtm/$_21.JPG;https://secureimg.ebayimg.com/i/00/s/NzY4WDEwMjQ=/z/zZYAAOSw2xRYRGuU/$_21.JPG";"МИНИВЭН / МИКРОАВТОБУС";"Подержанные";"07/2012";"Механическая коробка передач";"Бензиновый";"43 750 км";"104 кВт (141 PS)"
"";"Opel Opel Corsa c TUV 05/2018 Auffahrunfall";"700 EUR ";"https://secureimg.ebayimg.com/i/00/s/MzI1WDI0NA==/z/dmEAAOSw-0xYRHQ-/$_21.JPG";"https://secureimg.ebayimg.com/i/00/s/MzI1WDI0NA==/z/6k4AAOSwB09YRHQ-/$_21.JPG;https://secureimg.ebayimg.com/i/00/s/MzI1WDI0NA==/z/0h4AAOSw5cNYRHQ-/$_21.JPG;https://secureimg.ebayimg.com/i/00/s/MzI1WDI0NA==/z/90AAAOSwj85YRHQ-/$_21.JPG;https://secureimg.ebayimg.com/i/00/s/MzI1WDI0NA==/z/6lYAAOSwB09YRHQ-/$_21.JPG;https://secureimg.ebayimg.com/i/00/s/MzI1WDI0NA==/z/tTMAAOSwnHZYRHQ-/$_21.JPG";"ИНОЕ";"Подержанные";"11/2003";"";"Бензиновый";"133 000 км";""
"";"Porsche Cayman PCM 20" BLACK";"52 300 EUR";"https://secureimg.ebayimg.com/i/00/s/MTIwMFgxNjAw/z/pvgAAOSwcUBYRF9O/$_21.JPG";"https://secureimg.ebayimg.com/i/00/s/MTIwMFgxNjAw/z/DNMAAOSwa~BYRF7s/$_21.JPG;https://secureimg.ebayimg.com/i/00/s/MTIwMFgxNjAw/z/ZvgAAOSwEzxYRF8I/$_21.JPG;https://secureimg.ebayimg.com/i/00/s/MTIwMFgxNjAw/z/VCgAAOSwnHZYRF8b/$_21.JPG;https://secureimg.ebayimg.com/i/00/s/MTIwMFgxNjAw/z/-WwAAOSw2xRYRF89/$_21.JPG;https://secureimg.ebayimg.com/i/00/s/MTIwMFgxNjAw/z/dCQAAOSwEzxYRF9l/$_21.JPG";"СПОРТИВНЫЙ АВТОМОБИЛЬ/КУПЕ";"Подержанные";"02/2015";"Механическая коробка передач";"Бензиновый";"19 000 км";"202 кВт (275 PS)"
"";"Nissan X-Trail 2.0 4x2 Comfort";"5 299 EUR";"https://secureimg.ebayimg.com/i/00/s/OTAxWDE2MDA=/z/I9kAAOSw44BYRGxS/$_21.JPG";"https://secureimg.ebayimg.com/i/00/s/OTAxWDE2MDA=/z/~ZMAAOSwA3dYRGxb/$_21.JPG;https://secureimg.ebayimg.com/i/00/s/OTAxWDE2MDA=/z/34MAAOSwa~BYRGxi/$_21.JPG;https://secureimg.ebayimg.com/i/00/s/OTAxWDE2MDA=/z/aB4AAOSwEzxYRGxz/$_21.JPG;https://secureimg.ebayimg.com/i/00/s/OTAxWDE2MDA=/z/tHQAAOSw4GVYRGyG/$_21.JPG";"ВНЕДОРОЖНИК / ПИКАП";"Подержанные";"06/2007";"Механическая коробка передач";"Бензиновый";"128 000 км";"103 кВт (140 PS)"
